{
  "generic": {
    "mean": 0.0,
    "ci_low": 0.0,
    "ci_high": 0.0
  },
  "within_domain": {
    "mean": 0.8249999999999998,
    "ci_low": 0.7281200367840321,
    "ci_high": 0.9218799632159675
  },
  "cross_domain": {
    "mean": 0.8083333333333332,
    "ci_low": 0.7019099839548755,
    "ci_high": 0.914756682711791
  },
  "n_users": 12
}